{
  "maxEpochs": 200,
  "batchSize": 1000,
  "outputScaling": 2.0,
  "averageGain": 2.7003177835419776,
  "averageLoss": 3.0264321231535276
}