{
  "maxEpochs": 200,
  "batchSize": 1000,
  "outputScaling": 2.0,
  "averageGain": 2.7007040758906644,
  "averageLoss": 3.0230324894195846
}