{
  "maxEpochs": 200,
  "batchSize": 1000,
  "outputScaling": 2.0,
  "averageGain": 2.0508010454785484,
  "averageLoss": 2.265654834844295
}