{
  "maxEpochs": 100,
  "batchSize": 5000,
  "outputScaling": 2.0,
  "averageGain": 8.202588074260445,
  "averageLoss": 7.6575785117872375
}